ID,Title,Desc,Type,BodyPart,Equipment,Level,Rating,RatingDesc,ImageLink
1,Crunch,"The crunch is a popular core exercise targeting the rectus abdominis, or six-pack muscles, as well as the obliques.",Strength,Abdominals,Bands,Intermediate,0.0,,https://fitnessprogramer.com/wp-content/uploads/2021/02/Crunch.gif
2,Barbell roll-out,"The barbell roll-out is an abdominal exercise that utilizes a barbell in the place of an ab roller.",Strength,Abdominals,Barbell,Intermediate,8.9,Average,https://i.pinimg.com/originals/6e/3b/77/6e3b77e3d043257fbbaa294b2f9ee2af.gif
3,Kettlebell Windmill,"The single-kettlebell windmill is a dynamic kettlebell exercise emphasizing core strength and shoulder and hip mobility.",Strength,Abdominals,Kettlebells,Intermediate,7.7,Average,https://i.pinimg.com/originals/74/3a/10/743a10bcd18f059fdbdabaafbf9a7271.gif
4,Dumbbell V-Sit Cross Jab,"The dumbbell V-sit cross jab trains the abdominal and shoulder muscles simultaneously.",Strength,Abdominals,Dumbbell,Intermediate,9.3,Average,https://i.pinimg.com/originals/91/1e/ed/911eedff5eaa0d0df13c4d7a73f23525.gif
5,Landmine twist,"The landmine twist is a rotational abdominal movement targeting the obliques and transversus abdominis.",Strength,Abdominals,Other,Intermediate,9.5,Average,https://fitnessprogramer.com/wp-content/uploads/2021/06/Landmine-Twist.gif
6,Pallof press,"The Pallof press is an isometric anti-rotation exercise that trains core stability.",Strength,Abdominals,Other,Intermediate,8.4,Average,https://i.pinimg.com/originals/1b/85/96/1b8596a5e964491ea95f564b7168c6ac.gif
7,Kneeling cable crunch,"The kneeling cable crunch is a popular core isolation exercise targeting the rectus abdominis.",Strength,Abdominals,Cable,Intermediate,8.9,Average,https://i.pinimg.com/originals/2a/3e/7a/2a3e7a7b1f2a0c7b8d9e4f5a6b7c8d9e.gif
8,Elbow plank,"The elbow plank is an isometric abdominal exercise targeting the deep core muscles.",Strength,Abdominals,Body Only,Intermediate,9.3,Average,https://i.pinimg.com/originals/5d/9c/2a/5d9c2a9b8c7d6e5f4a3b2c1d0e9f8a7b.gif
9,Hanging leg raise,"The hanging leg raise targets the abs, lats, and hip flexors.",Strength,Abdominals,Body Only,Intermediate,8.9,Average,https://i.pinimg.com/originals/a1/e3/2b/a1e32b8c7d6e5f4a3b2c1d0e9f8a7b6c.gif
10,Russian twist,"The Russian twist targets the abdominals and obliques.",Strength,Abdominals,Body Only,Intermediate,8.4,Average,https://i.pinimg.com/originals/4b/6c/3a/4b6c3a9b8c7d6e5f4a3b2c1d0e9f8a7b.gif
11,Barbell Curl,"The barbell curl is a classic exercise for building biceps.",Strength,Biceps,Barbell,Intermediate,9.0,Average,https://i.pinimg.com/originals/6f/1a/8b/6f1a8b2c3d4e5f6a7b8c9d0e1f2a3b4c.gif
12,Preacher Curl,"The EZ-bar preacher curl isolates the biceps for bigger arms.",Strength,Biceps,Barbell,Intermediate,8.8,Average,https://i.pinimg.com/originals/3e/7a/2b/3e7a2b8c7d6e5f4a3b2c1d0e9f8a7b6c.gif
13,Hammer Curls,"Hammer curls target the brachialis and forearms with a neutral grip.",Strength,Biceps,Dumbbell,Intermediate,9.1,Average,https://i.pinimg.com/originals/2d/5f/1a/2d5f1a2b3c4d5e6f7a8b9c0d1e2f3a4b.gif
14,Concentration curl,"The concentration curl builds the biceps peak one arm at a time.",Strength,Biceps,Dumbbell,Intermediate,9.0,Average,https://i.pinimg.com/originals/7b/2a/3c/7b2a3c4d5e6f7a8b9c0d1e2f3a4b5c6d.gif
15,Overhead cable curl,"The overhead cable curl targets the biceps peak while eliminating shoulder momentum.",Strength,Biceps,Cable,Intermediate,9.0,Average,https://i.pinimg.com/originals/1f/6a/8b/1f6a8b2c3d4e5f6a7b8c9d0e1f2a3b4c.gif
16,Machine Bicep Curl,,Strength,Biceps,Machine,Beginner,9.0,Average,https://i.pinimg.com/originals/5e/2a/1b/5e2a1b2c3d4e5f6a7b8c9d0e1f2a3b4c.gif
17,EZ-Bar Curl,"The standing EZ-bar curl is a popular biceps exercise using an angled bar.",Strength,Biceps,E-Z Curl Bar,Intermediate,9.1,Average,https://i.pinimg.com/originals/4a/7b/2c/4a7b2c3d4e5f6a7b8c9d0e1f2a3b4c5d.gif
18,Standing barbell calf raise,"The standing barbell calf raise targets the gastrocnemius muscle.",Strength,Calves,Barbell,Beginner,8.2,Average,https://i.pinimg.com/originals/8d/1f/3a/8d1f3a2b3c4d5e6f7a8b9c0d1e2f3a4b.gif
19,Smith Machine Calf Raise,"The Smith machine calf raise provides stability while targeting the calves.",Strength,Calves,Machine,Intermediate,9.2,Average,https://i.pinimg.com/originals/3f/2a/1b/3f2a1b2c3d4e5f6a7b8c9d0e1f2a3b4c.gif
20,Seated Calf Raise,"The seated calf raise targets the soleus muscle of the lower leg.",Strength,Calves,Machine,Intermediate,8.7,Average,https://i.pinimg.com/originals/6a/7b/2c/6a7b2c3d4e5f6a7b8c9d0e1f2a3b4c5d.gif
21,Close-grip bench press,"The close-grip bench press emphasizes the triceps and inner chest.",Strength,Chest,Barbell,Intermediate,9.1,Average,https://i.pinimg.com/originals/2b/1f/3a/2b1f3a2b3c4d5e6f7a8b9c0d1e2f3a4b.gif
22,Barbell Bench Press,"The bench press builds strength in the chest, triceps, and shoulders.",Strength,Chest,Barbell,Intermediate,9.0,Average,https://i.pinimg.com/originals/5c/2a/1b/5c2a1b2c3d4e5f6a7b8c9d0e1f2a3b4c.gif
23,Decline barbell bench press,"The decline bench press targets the lower pectoral muscles.",Strength,Chest,Barbell,Intermediate,8.9,Average,https://i.pinimg.com/originals/7e/3a/2b/7e3a2b3c4d5e6f7a8b9c0d1e2f3a4b5c.gif
24,Incline Bench Press,"The incline bench press targets the upper chest.",Strength,Chest,Barbell,Intermediate,8.8,Average,https://i.pinimg.com/originals/9f/2a/1b/9f2a1b2c3d4e5f6a7b8c9d0e1f2a3b4c.gif
25,Pushups,"The push-up builds upper-body strength in the chest, triceps, and shoulders.",Strength,Chest,Body Only,Intermediate,9.2,Average,https://i.pinimg.com/originals/1d/5f/3a/1d5f3a2b3c4d5e6f7a8b9c0d1e2f3a4b.gif
26,Machine Chest Fly,"The machine chest fly isolates the pectoral muscles.",Strength,Chest,Machine,Intermediate,8.5,Average,https://i.pinimg.com/originals/4b/3a/2c/4b3a2c3d4e5f6a7b8c9d0e1f2a3b4c5d.gif
27,Leverage Chest Press,The leverage chest press targets the pectoral muscles.,Strength,Chest,Machine,Beginner,8.5,Average,https://i.pinimg.com/originals/6e/2a/1b/6e2a1b2c3d4e5f6a7b8c9d0e1f2a3b4c.gif
28,Low-cable cross-over,"The low-cable cross-over targets the upper chest.",Strength,Chest,Cable,Intermediate,9.1,Average,https://i.pinimg.com/originals/8a/7b/2c/8a7b2c3d4e5f6a7b8c9d0e1f2a3b4c5d.gif
29,Cable Crossover,"The cable crossover builds bigger pectoral muscles from multiple angles.",Strength,Chest,Cable,Intermediate,8.8,Average,https://i.pinimg.com/originals/2f/1a/3b/2f1a3b2c3d4e5f6a7b8c9d0e1f2a3b4c.gif
30,Dumbbell Bench Press,"The dumbbell bench press builds a bigger, stronger chest.",Strength,Chest,Dumbbell,Intermediate,9.2,Average,https://i.pinimg.com/originals/5a/2b/1c/5a2b1c2d3e4f5a6b7c8d9e0f1a2b3c4d.gif
31,Dumbbell Flyes,"The dumbbell fly isolates the chest muscles.",Strength,Chest,Dumbbell,Intermediate,9.1,Average,https://i.pinimg.com/originals/7f/3a/2b/7f3a2b3c4d5e6f7a8b9c0d1e2f3a4b5c.gif
32,Incline dumbbell bench press,"The incline dumbbell press targets the upper chest.",Strength,Chest,Dumbbell,Intermediate,9.1,Average,https://i.pinimg.com/originals/9a/1b/2c/9a1b2c3d4e5f6a7b8c9d0e1f2a3b4c5d.gif
33,Chest dip,"The chest dip builds the chest, triceps, and shoulders.",Strength,Chest,Other,Intermediate,9.0,Average,https://i.pinimg.com/originals/3b/2a/1c/3b2a1c2d3e4f5a6b7c8d9e0f1a2b3c4d.gif
34,Palms-down wrist curl,"The palms-down wrist curl targets the forearms.",Strength,Forearms,Barbell,Intermediate,9.5,Average,https://i.pinimg.com/originals/6f/1a/2b/6f1a2b3c4d5e6f7a8b9c0d1e2f3a4b5c.gif
35,Palms-up wrist curl,"The palms-up wrist curl builds forearm strength.",Strength,Forearms,Barbell,Intermediate,9.4,Average,https://i.pinimg.com/originals/4d/2a/3b/4d2a3b4c5d6e7f8a9b0c1d2e3f4a5b6c.gif
36,Dumbbell farmer's walk,"The farmer's walk builds grip strength and full-body stability.",Strongman,Forearms,Other,Intermediate,9.4,Average,https://i.pinimg.com/originals/8f/3a/2b/8f3a2b3c4d5e6f7a8b9c0d1e2f3a4b5c.gif
37,Barbell glute bridge,"The barbell glute bridge targets the glutes and hamstrings.",Powerlifting,Glutes,Barbell,Intermediate,9.4,Average,https://i.pinimg.com/originals/2e/1a/3b/2e1a3b2c3d4e5f6a7b8c9d0e1f2a3b4c.gif
38,Barbell Hip Thrust,"The barbell hip thrust builds the glutes and posterior chain.",Powerlifting,Glutes,Barbell,Intermediate,9.1,Average,https://i.pinimg.com/originals/5b/2a/1c/5b2a1c2d3e4f5a6b7c8d9e0f1a2b3c4d.gif
39,Glute bridge,"The glute bridge activates the glutes and lower back.",Strength,Glutes,Body Only,Intermediate,8.8,Average,https://i.pinimg.com/originals/7a/3b/2c/7a3b2c3d4e5f6a7b8c9d0e1f2a3b4c5d.gif
40,Barbell Deadlift,"The deadlift develops overall strength in the posterior chain.",Strength,Hamstrings,Barbell,Intermediate,9.4,Average,https://i.pinimg.com/originals/1c/2a/3b/1c2a3b4c5d6e7f8a9b0c1d2e3f4a5b6c.gif
41,Sumo deadlift,"The sumo deadlift targets the hamstrings, glutes, and adductors.",Powerlifting,Hamstrings,Barbell,Beginner,9.3,Average,https://i.pinimg.com/originals/9f/3a/2b/9f3a2b3c4d5e6f7a8b9c0d1e2f3a4b5c.gif
42,Good Morning,"The good morning targets the glutes, hamstrings, and lower back.",Powerlifting,Hamstrings,Barbell,Intermediate,8.5,Average,https://i.pinimg.com/originals/4b/2a/1c/4b2a1c2d3e4f5a6b7c8d9e0f1a2b3c4d.gif
43,Romanian Deadlift,"The Romanian deadlift builds the hamstrings and glutes.",Strength,Hamstrings,Barbell,Intermediate,8.1,Average,https://i.pinimg.com/originals/6e/1a/3b/6e1a3b2c3d4e5f6a7b8c9d0e1f2a3b4c.gif
44,Box jump,"The box jump develops lower-body power and explosiveness.",Plyometrics,Hamstrings,Other,Beginner,8.6,Average,https://i.pinimg.com/originals/8a/2b/3c/8a2b3c4d5e6f7a8b9c0d1e2f3a4b5c6d.gif
45,Lying Leg Curls,"The lying leg curl isolates the hamstrings.",Strength,Hamstrings,Machine,Beginner,8.9,Average,https://i.pinimg.com/originals/3c/2a/1b/3c2a1b2c3d4e5f6a7b8c9d0e1f2a3b4c.gif
46,Glute Ham Raise,"The glute ham raise targets the glutes and hamstrings.",Powerlifting,Hamstrings,Machine,Intermediate,8.4,Average,https://i.pinimg.com/originals/5f/1a/2b/5f1a2b3c4d5e6f7a8b9c0d1e2f3a4b5c.gif
47,Seated Leg Curl,"The seated leg curl builds the hamstrings.",Strength,Hamstrings,Machine,Intermediate,7.9,Average,https://i.pinimg.com/originals/7b/3a/2c/7b3a2c3d4e5f6a7b8c9d0e1f2a3b4c5d.gif
48,Natural Glute Ham Raise,The natural glute ham raise targets the glutes and hamstrings.,Strength,Hamstrings,Body Only,Beginner,9.1,Average,https://i.pinimg.com/originals/1d/2a/3b/1d2a3b4c5d6e7f8a9b0c1d2e3f4a5b6c.gif
49,Exercise ball leg curl,"The exercise ball leg curl targets the hamstrings.",Strength,Hamstrings,Exercise Ball,Intermediate,8.8,Average,https://i.pinimg.com/originals/9a/2b/1c/9a2b1c2d3e4f5a6b7c8d9e0f1a2b3c4d.gif
50,Band-assisted pull-up,"The band-assisted pull-up helps build upper back and biceps strength.",Strength,Lats,Bands,Intermediate,7.6,Average,https://i.pinimg.com/originals/4f/3a/2b/4f3a2b3c4d5e6f7a8b9c0d1e2f3a4b5c.gif
51,Weighted pull-up,"The weighted pull-up builds back and biceps strength.",Strength,Lats,Other,Intermediate,9.5,Average,https://i.pinimg.com/originals/2a/1b/3c/2a1b3c4d5e6f7a8b9c0d1e2f3a4b5c6d.gif
52,Close-grip pull-down,"The close-grip pull-down targets the lats.",Strength,Lats,Cable,Intermediate,8.9,Average,https://i.pinimg.com/originals/6b/2a/1c/6b2a1c2d3e4f5a6b7c8d9e0f1a2b3c4d.gif
53,Shotgun row,"The shotgun row builds the lats and rhomboids.",Strength,Lats,Cable,Intermediate,8.9,Average,https://i.pinimg.com/originals/8e/3a/2b/8e3a2b3c4d5e6f7a8b9c0d1e2f3a4b5c.gif
54,Lat pull-down,"The lat pull-down builds back width and strength.",Strength,Lats,Cable,Intermediate,8.6,Average,https://i.pinimg.com/originals/1a/2b/3c/1a2b3c4d5e6f7a8b9c0d1e2f3a4b5c6d.gif
55,Pullups,"The pull-up builds strength in the upper back, biceps, and core.",Strength,Lats,Body Only,Intermediate,9.2,Average,https://i.pinimg.com/originals/3a/1b/2c/3a1b2c3d4e5f6a7b8c9d0e1f2a3b4c5d.gif
56,Pull-up,"The pull-up is a classic bodyweight back exercise.",Strength,Lats,Body Only,Beginner,8.9,Average,https://i.pinimg.com/originals/5c/2a/1b/5c2a1b2c3d4e5f6a7b8c9d0e1f2a3b4c.gif
57,Rope climb,"The rope climb builds upper-body and grip strength.",Strength,Lats,Body Only,Intermediate,8.7,Average,https://i.pinimg.com/originals/7f/3a/2b/7f3a2b3c4d5e6f7a8b9c0d1e2f3a4b5c.gif
58,Neutral-grip pull-up,"The neutral-grip pull-up is a shoulder-friendly back builder.",Strength,Lats,Body Only,Intermediate,8.2,Average,https://i.pinimg.com/originals/9d/1a/2b/9d1a2b3c4d5e6f7a8b9c0d1e2f3a4b5c.gif
59,Chin-Up,"The chin-up builds the back and biceps.",Strength,Lats,Body Only,Intermediate,,https://i.pinimg.com/originals/2b/3a/1c/2b3a1c2d3e4f5a6b7c8d9e0f1a2b3c4d.gif
60,Medicine ball slam,"The medicine ball slam develops power in the shoulders and lats.",Plyometrics,Lats,Medicine Ball,Intermediate,7.9,Average,https://i.pinimg.com/originals/4a/2b/1c/4a2b1c2d3e4f5a6b7c8d9e0f1a2b3c4d.gif
61,Barbell deficit deadlift,"The deficit deadlift builds pulling strength off the floor.",Powerlifting,Lower Back,Barbell,Beginner,9.4,Average,https://i.pinimg.com/originals/6a/1b/2c/6a1b2c3d4e5f6a7b8c9d0e1f2a3b4c5d.gif
62,Rack pull,"The rack pull strengthens the deadlift lockout.",Powerlifting,Lower Back,Barbell,Intermediate,8.3,Average,https://i.pinimg.com/originals/8b/2a/1c/8b2a1c2d3e4f5a6b7c8d9e0f1a2b3c4d.gif
63,Atlas Stones,,Strongman,Lower Back,Other,Intermediate,9.5,Average,https://i.pinimg.com/originals/1f/3a/2b/1f3a2b3c4d5e6f7a8b9c0d1e2f3a4b5c.gif
64,Back extension,"The back extension builds lower back and glute strength.",Strength,Lower Back,Body Only,Intermediate,9.1,Average,https://i.pinimg.com/originals/5a/2b/1c/5a2b1c2d3e4f5a6b7c8d9e0f1a2b3c4d.gif
65,Superman,"The Superman targets the posterior chain.",Stretching,Lower Back,Body Only,Intermediate,8.3,Average,https://i.pinimg.com/originals/7c/2a/1b/7c2a1b2c3d4e5f6a7b8c9d0e1f2a3b4c.gif
66,Reverse-grip bent-over row,"The reverse-grip row targets the lats and biceps.",Strength,Middle Back,Barbell,Intermediate,9.2,Average,https://i.pinimg.com/originals/9e/3a/2b/9e3a2b3c4d5e6f7a8b9c0d1e2f3a4b5c.gif
67,Bent Over Barbell Row,"The barbell row builds thickness in the back.",Strength,Middle Back,Barbell,Intermediate,8.7,Average,https://i.pinimg.com/originals/2f/1a/3b/2f1a3b2c3d4e5f6a7b8c9d0e1f2a3b4c.gif
68,Pendlay Row,"The Pendlay row builds back strength and power.",Strength,Middle Back,Barbell,Intermediate,8.2,Average,https://i.pinimg.com/originals/4d/2a/3b/4d2a3b4c5d6e7f8a9b0c1d2e3f4a5b6c.gif
69,One-Arm Dumbbell Row,"The one-arm dumbbell row builds the lats.",Strength,Middle Back,Dumbbell,Intermediate,9.0,Average,https://i.pinimg.com/originals/6b/1a/2c/6b1a2c3d4e5f6a7b8c9d0e1f2a3b4c5d.gif
70,T-Bar Row,,Strength,Middle Back,Other,Intermediate,9.5,Average,https://i.pinimg.com/originals/8a/2b/1c/8a2b1c2d3e4f5a6b7c8d9e0f1a2b3c4d.gif
71,Seated Cable Rows,"The seated cable row trains the upper back muscles.",Strength,Middle Back,Cable,Intermediate,8.8,Average,https://i.pinimg.com/originals/3b/1a/2c/3b1a2c3d4e5f6a7b8c9d0e1f2a3b4c5d.gif
72,Rower,"The rower is a cardio machine that targets the back and legs.",Cardio,Middle Back,Machine,Intermediate,8.9,Average,https://i.pinimg.com/originals/5f/2a/1b/5f2a1b2c3d4e5f6a7b8c9d0e1f2a3b4c.gif
73,Barbell shrug,"The barbell shrug builds the trapezius muscles.",Strength,Traps,Barbell,Intermediate,8.4,Average,https://i.pinimg.com/originals/7e/1a/3b/7e1a3b2c3d4e5f6a7b8c9d0e1f2a3b4c.gif
74,Kettlebell sumo deadlift high pull,"The sumo deadlift high pull builds power in the traps and glutes.",Strength,Traps,Kettlebells,Intermediate,8.7,Average,https://i.pinimg.com/originals/1a/2b/3c/1a2b3c4d5e6f7a8b9c0d1e2f3a4b5c6d.gif
75,Standing dumbbell shrug,"The dumbbell shrug builds the traps.",Strength,Traps,Dumbbell,Intermediate,8.7,Average,https://i.pinimg.com/originals/3f/2a/1b/3f2a1b2c3d4e5f6a7b8c9d0e1f2a3b4c.gif
76,Standing dumbbell upright row,"The upright row builds the traps and shoulders.",Strength,Traps,Dumbbell,Intermediate,8.7,Average,https://i.pinimg.com/originals/5c/3a/2b/5c3a2b3c4d5e6f7a8b9c0d1e2f3a4b5c.gif
77,Smith machine shrug,"The Smith machine shrug builds the traps.",Strength,Traps,Machine,Intermediate,9.2,Average,https://i.pinimg.com/originals/7a/2b/1c/7a2b1c2d3e4f5a6b7c8d9e0f1a2b3c4d.gif
78,Leverage Shrink,,Strength,Traps,Machine,Intermediate,9.1,Average,https://i.pinimg.com/originals/9c/1a/2b/9c1a2b3c4d5e6f7a8b9c0d1e2f3a4b5c.gif
79,Barbell Full Squat,"The barbell back squat builds lower-body strength.",Strength,Quadriceps,Barbell,Intermediate,9.4,Average,https://i.pinimg.com/originals/2d/1a/3b/2d1a3b4c5d6e7f8a9b0c1d2e3f4a5b6c.gif
80,Push-press,"The push-press builds shoulder and leg power.",Olympic Weightlifting,Quadriceps,Barbell,Intermediate,9.3,Average,https://i.pinimg.com/originals/4f/2a/1b/4f2a1b2c3d4e5f6a7b8c9d0e1f2a3b4c.gif
81,Barbell walking lunge,"The walking lunge builds the quads, glutes, and hamstrings.",Strength,Quadriceps,Barbell,Intermediate,9.2,Average,https://i.pinimg.com/originals/6b/3a/2c/6b3a2c3d4e5f6a7b8c9d0e1f2a3b4c5d.gif
82,Barbell front squat,"The front squat emphasizes the quads and core.",Strength,Quadriceps,Barbell,Intermediate,8.9,Average,https://i.pinimg.com/originals/8e/2a/1b/8e2a1b2c3d4e5f6a7b8c9d0e1f2a3b4c.gif
83,Hack Squat,"The hack squat targets the quadriceps.",Strength,Quadriceps,Barbell,Intermediate,8.4,Average,https://i.pinimg.com/originals/1b/3a/2c/1b3a2c3d4e5f6a7b8c9d0e1f2a3b4c5d.gif
84,Barbell thruster,"The thruster is a full-body squat and press.",Strength,Quadriceps,Barbell,Intermediate,8.3,Average,https://i.pinimg.com/originals/3a/2b/1c/3a2b1c2d3e4f5a6b7c8d9e0f1a2b3c4d.gif
85,Zercher squat,"The Zercher squat builds quad and core strength.",Strength,Quadriceps,Barbell,Intermediate,8.1,Average,https://i.pinimg.com/originals/5d/1a/2b/5d1a2b3c4d5e6f7a8b9c0d1e2f3a4b5c.gif
86,Goblet Squat,"The goblet squat improves squat technique and builds the quads.",Strength,Quadriceps,Kettlebells,Intermediate,8.7,Average,https://i.pinimg.com/originals/7f/3a/2b/7f3a2b3c4d5e6f7a8b9c0d1e2f3a4b5c.gif
87,Dumbbell Goblet Squat,"The dumbbell goblet squat builds the quads and glutes.",Strength,Quadriceps,Dumbbell,Intermediate,8.9,Average,https://i.pinimg.com/originals/9c/2a/1b/9c2a1b2c3d4e5f6a7b8c9d0e1f2a3b4c.gif
88,Dumbbell squat,"The dumbbell squat builds lower-body strength.",Strength,Quadriceps,Dumbbell,Intermediate,8.9,Average,https://i.pinimg.com/originals/2a/3b/1c/2a3b1c2d3e4f5a6b7c8d9e0f1a2b3c4d.gif
89,Dumbbell Lunges,"The dumbbell lunge builds leg strength one leg at a time.",Strength,Quadriceps,Dumbbell,Intermediate,8.8,Average,https://i.pinimg.com/originals/4b/2a/1c/4b2a1c2d3e4f5a6b7c8d9e0f1a2b3c4d.gif
90,Tire flip,"The tire flip builds full-body power.",Strongman,Quadriceps,Other,Intermediate,9.4,Average,https://i.pinimg.com/originals/6a/3b/2c/6a3b2c3d4e5f6a7b8c9d0e1f2a3b4c5d.gif
91,Hex-bar deadlift,"The hex bar deadlift is a back-friendly deadlift variation.",Strength,Quadriceps,Other,Intermediate,8.8,Average,https://i.pinimg.com/originals/8f/1a/2b/8f1a2b3c4d5e6f7a8b9c0d1e2f3a4b5c.gif
92,Weighted sissy squat,"The sissy squat targets the quadriceps.",Strength,Quadriceps,Other,Intermediate,8.4,Average,https://i.pinimg.com/originals/1c/3a/2b/1c3a2b3c4d5e6f7a8b9c0d1e2f3a4b5c.gif
93,Sled Push,"The sled push builds lower-body power and conditioning.",Strongman,Quadriceps,Other,Intermediate,6.8,Average,https://i.pinimg.com/originals/3d/2a/1b/3d2a1b2c3d4e5f6a7b8c9d0e1f2a3b4c.gif
94,Single-Leg Press,"The single-leg press builds the quads one leg at a time.",Strength,Quadriceps,Machine,Intermediate,9.6,Average,https://i.pinimg.com/originals/5b/1a/2c/5b1a2c3d4e5f6a7b8c9d0e1f2a3b4c5d.gif
95,Leg Press,The leg press builds the quadriceps.,Strength,Quadriceps,Machine,Intermediate,8.8,Average,https://i.pinimg.com/originals/7d/2a/1b/7d2a1b2c3d4e5f6a7b8c9d0e1f2a3b4c.gif
96,Leg Extensions,The leg extension isolates the quadriceps.,Strength,Quadriceps,Machine,Intermediate,8.5,Average,https://i.pinimg.com/originals/9f/3a/2b/9f3a2b3c4d5e6f7a8b9c0d1e2f3a4b5c.gif
97,Jumping rope,"Jumping rope builds conditioning and leg strength.",Cardio,Quadriceps,Body Only,Intermediate,9.2,Average,https://i.pinimg.com/originals/2c/1a/3b/2c1a3b4c5d6e7f8a9b0c1d2e3f4a5b6c.gif
98,Forward lunge,"The forward lunge builds the quads, glutes, and hamstrings.",Strength,Quadriceps,Body Only,Intermediate,9.0,Average,https://i.pinimg.com/originals/4a/2b/1c/4a2b1c2d3e4f5a6b7c8d9e0f1a2b3c4d.gif
99,Bodyweight squat,"The bodyweight squat builds leg strength.",Strength,Quadriceps,Body Only,Intermediate,8.8,Average,https://i.pinimg.com/originals/6c/3a/2b/6c3a2b3c4d5e6f7a8b9c0d1e2f3a4b5c.gif
100,Burpee,"The burpee builds full-body strength and conditioning.",Cardio,Quadriceps,Body Only,Intermediate,8.8,Average,https://i.pinimg.com/originals/8a/1b/2c/8a1b2c3d4e5f6a7b8c9d0e1f2a3b4c5d.gif
101,Jump Squat,"The jump squat builds explosive leg power.",Plyometrics,Quadriceps,Body Only,Intermediate,7.6,Average,https://i.pinimg.com/originals/1d/3a/2b/1d3a2b3c4d5e6f7a8b9c0d1e2f3a4b5c.gif
102,Wall sit,"The wall sit builds quad endurance.",Strength,Quadriceps,Body Only,Intermediate,,https://i.pinimg.com/originals/3c/2a/1b/3c2a1b2c3d4e5f6a7b8c9d0e1f2a3b4c.gif
103,Clean and press,"The clean and press builds full-body power.",Strength,Shoulders,Barbell,Intermediate,9.4,Average,https://i.pinimg.com/originals/5a/3b/2c/5a3b2c3d4e5f6a7b8c9d0e1f2a3b4c5d.gif
104,Military press,"The military press builds shoulder strength.",Strength,Shoulders,Barbell,Intermediate,9.3,Average,https://i.pinimg.com/originals/7c/1a/2b/7c1a2b3c4d5e6f7a8b9c0d1e2f3a4b5c.gif
105,Seated barbell shoulder press,"The seated shoulder press builds the shoulders.",Strength,Shoulders,Barbell,Intermediate,9.2,Average,https://i.pinimg.com/originals/9d/2a/1b/9d2a1b2c3d4e5f6a7b8c9d0e1f2a3b4c.gif
106,Barbell upright row,"The upright row builds the traps and shoulders.",Strength,Shoulders,Barbell,Intermediate,8.3,Average,https://i.pinimg.com/originals/2b/1a/3c/2b1a3c4d5e6f7a8b9c0d1e2f3a4b5c6d.gif
107,Standing barbell shoulder press,"The standing press builds the shoulders and core.",Strength,Shoulders,Barbell,Intermediate,,https://i.pinimg.com/originals/4c/3a/2b/4c3a2b3c4d5e6f7a8b9c0d1e2f3a4b5c.gif
108,Single-arm kettlebell snatch,"The kettlebell snatch builds full-body power.",Strength,Shoulders,Kettlebells,Intermediate,8.6,Average,https://i.pinimg.com/originals/6d/1a/2b/6d1a2b3c4d5e6f7a8b9c0d1e2f3a4b5c.gif
109,Dumbbell front raise to lateral raise,"This combo builds the front and side delts.",Strength,Shoulders,Dumbbell,Intermediate,9.5,Average,https://i.pinimg.com/originals/8c/2a/1b/8c2a1b2c3d4e5f6a7b8c9d0e1f2a3b4c.gif
110,Seated Dumbbell Press,"The seated dumbbell press builds shoulder strength.",Strength,Shoulders,Dumbbell,Intermediate,9.1,Average,https://i.pinimg.com/originals/1e/3a/2b/1e3a2b3c4d5e6f7a8b9c0d1e2f3a4b5c.gif
111,Standing dumbbell shoulder press,"The standing dumbbell press builds the shoulders and core.",Strength,Shoulders,Dumbbell,Intermediate,9.1,Average,https://i.pinimg.com/originals/3a/2b/1c/3a2b1c2d3e4f5a6b7c8d9e0f1a2b3c4d.gif
112,Single-arm lateral raise,"The lateral raise builds the side delts.",Strength,Shoulders,Dumbbell,Intermediate,9.1,Average,https://i.pinimg.com/originals/5b/2a/1c/5b2a1c2d3e4f5a6b7c8d9e0f1a2b3c4d.gif
113,Arnold press,"The Arnold press hits all three heads of the deltoid.",Strength,Shoulders,Dumbbell,Intermediate,8.9,Average,https://i.pinimg.com/originals/7d/3a/2b/7d3a2b3c4d5e6f7a8b9c0d1e2f3a4b5c.gif
114,Dumbbell front raise,"The front raise targets the anterior deltoid.",Strength,Shoulders,Dumbbell,Intermediate,8.8,Average,https://i.pinimg.com/originals/9b/1a/2c/9b1a2c3d4e5f6a7b8c9d0e1f2a3b4c5d.gif
115,Side Lateral Raise,"The lateral raise builds the side delts.",Strength,Shoulders,Dumbbell,Intermediate,8.6,Average,https://i.pinimg.com/originals/2c/3a/1b/2c3a1b2c3d4e5f6a7b8c9d0e1f2a3b4c.gif
116,Car driver,"The car driver targets the anterior deltoids.",Strength,Shoulders,Other,Intermediate,9.0,Average,https://i.pinimg.com/originals/4d/1a/2b/4d1a2b3c4d5e6f7a8b9c0d1e2f3a4b5c.gif
117,Front Plate Raise,"The plate front raise builds the front delts.",Strength,Shoulders,Other,Intermediate,8.9,Average,https://i.pinimg.com/originals/6e/2a/1b/6e2a1b2c3d4e5f6a7b8c9d0e1f2a3b4c.gif
118,Battle ropes,"Battle ropes build shoulder endurance and conditioning.",Strength,Shoulders,Other,Intermediate,8.6,Average,https://i.pinimg.com/originals/8a/3b/2c/8a3b2c3d4e5f6a7b8c9d0e1f2a3b4c5d.gif
119,Standing face pull,"The face pull builds rear delts and upper back.",Strength,Shoulders,Cable,Intermediate,8.4,Average,https://i.pinimg.com/originals/1b/2a/3c/1b2a3c4d5e6f7a8b9c0d1e2f3a4b5c6d.gif
120,Machine shoulder press,"The machine shoulder press builds the deltoids.",Strength,Shoulders,Machine,Intermediate,8.9,Average,https://i.pinimg.com/originals/3c/1a/2b/3c1a2b3c4d5e6f7a8b9c0d1e2f3a4b5c.gif
121,Handstand push-up,"The handstand push-up builds shoulder strength.",Strength,Shoulders,Body Only,Intermediate,8.7,Average,https://i.pinimg.com/originals/5d/3a/2b/5d3a2b3c4d5e6f7a8b9c0d1e2f3a4b5c.gif
122,Triceps dip,"The triceps dip builds the triceps and chest.",Strength,Triceps,Body Only,Intermediate,9.4,Average,https://i.pinimg.com/originals/7a/1b/2c/7a1b2c3d4e5f6a7b8c9d0e1f2a3b4c5d.gif
123,Weighted bench dip,"The weighted bench dip builds the triceps.",Strength,Triceps,Body Only,Intermediate,9.1,Average,https://i.pinimg.com/originals/9c/2a/1b/9c2a1b2c3d4e5f6a7b8c9d0e1f2a3b4c.gif
124,Push-Ups - Close Triceps Position,"Close push-ups emphasize the triceps.",Strength,Triceps,Body Only,Intermediate,9.0,Average,https://i.pinimg.com/originals/2d/1a/3b/2d1a3b4c5d6e7f8a9b0c1d2e3f4a5b6c.gif
125,Parallel Bar Dip,The dip builds the triceps and chest.,Strength,Triceps,Body Only,Intermediate,8.8,Average,https://i.pinimg.com/originals/4f/3a/2b/4f3a2b3c4d5e6f7a8b9c0d1e2f3a4b5c.gif
126,Ring dip,"The ring dip builds upper-body strength and stability.",Strength,Triceps,Body Only,Intermediate,8.8,Average,https://i.pinimg.com/originals/6b/1a/2c/6b1a2c3d4e5f6a7b8c9d0e1f2a3b4c5d.gif
127,Bench dip,"The bench dip builds the triceps.",Strength,Triceps,Body Only,Intermediate,,https://i.pinimg.com/originals/8d/3a/2b/8d3a2b3c4d5e6f7a8b9c0d1e2f3a4b5c.gif
128,Decline EZ-bar skullcrusher,"The skullcrusher builds the triceps.",Strength,Triceps,E-Z Curl Bar,Intermediate,9.3,Average,https://i.pinimg.com/originals/1a/2b/3c/1a2b3c4d5e6f7a8b9c0d1e2f3a4b5c6d.gif
129,EZ-Bar Skullcrusher,"The EZ-bar skullcrusher builds the triceps.",Strength,Triceps,E-Z Curl Bar,Intermediate,9.0,Average,https://i.pinimg.com/originals/3b/2a/1c/3b2a1c2d3e4f5a6b7c8d9e0f1a2b3c4d.gif
130,Cable V-bar push-down,"The V-bar push-down builds the triceps.",Strength,Triceps,Cable,Intermediate,9.1,Average,https://i.pinimg.com/originals/5c/1a/2b/5c1a2b3c4d5e6f7a8b9c0d1e2f3a4b5c.gif
131,Reverse Grip Triceps Pushdown,"The reverse-grip pushdown builds the triceps.",Strength,Triceps,Cable,Intermediate,9.0,Average,https://i.pinimg.com/originals/7e/3a/2b/7e3a2b3c4d5e6f7a8b9c0d1e2f3a4b5c.gif
132,Triceps Pushdown,"The triceps pushdown builds arm strength.",Strength,Triceps,Cable,Intermediate,8.6,Average,https://i.pinimg.com/originals/9f/1a/2b/9f1a2b3c4d5e6f7a8b9c0d1e2f3a4b5c.gif
133,Cable rope push-down,"The rope push-down builds the triceps.",Strength,Triceps,Cable,Intermediate,,https://i.pinimg.com/originals/2c/3a/1b/2c3a1b2c3d4e5f6a7b8c9d0e1f2a3b4c.gif
134,Dumbbell floor press,"The floor press builds the triceps and chest.",Powerlifting,Triceps,Dumbbell,Intermediate,9.3,Average,https://i.pinimg.com/originals/4a/2b/1c/4a2b1c2d3e4f5a6b7c8d9e0f1a2b3c4d.gif
135,Seated triceps press,"The seated triceps press builds the triceps.",Strength,Triceps,Dumbbell,Intermediate,8.9,Average,https://i.pinimg.com/originals/6c/1a/2b/6c1a2b3c4d5e6f7a8b9c0d1e2f3a4b5c.gif
136,Tricep Dumbbell Kickback,"The kickback builds the triceps.",Strength,Triceps,Dumbbell,Intermediate,8.8,Average,https://i.pinimg.com/originals/8b/3a/2c/8b3a2c3d4e5f6a7b8c9d0e1f2a3b4c5d.gif
137,Dumbbell skullcrusher,"The dumbbell skullcrusher builds the triceps.",Strength,Triceps,Dumbbell,Intermediate,8.4,Average,https://i.pinimg.com/originals/1d/2a/3b/1d2a3b4c5d6e7f8a9b0c1d2e3f4a5b6c.gif
138,Tate Press,"The Tate press builds the triceps.",Strength,Triceps,Dumbbell,Beginner,8.1,Average,https://i.pinimg.com/originals/3d/1a/2b/3d1a2b3c4d5e6f7a8b9c0d1e2f3a4b5c.gif
139,Machine Triceps Extension,The machine triceps extension builds the triceps.,Strength,Triceps,Machine,Intermediate,7.4,Average,https://i.pinimg.com/originals/5a/2b/1c/5a2b1c2d3e4f5a6b7c8d9e0f1a2b3c4d.gif
140,Incline EZ-bar skullcrusher,"The incline skullcrusher builds the triceps.",Strength,Triceps,Barbell,Intermediate,8.9,Average,https://i.pinimg.com/originals/7b/1a/2c/7b1a2c3d4e5f6a7b8c9d0e1f2a3b4c5d.gif
141,Behind-the-head skullcrusher,"The behind-the-head skullcrusher builds the triceps.",Strength,Triceps,Barbell,Intermediate,8.7,Average,https://i.pinimg.com/originals/9a/3b/2c/9a3b2c3d4e5f6a7b8c9d0e1f2a3b4c5d.gif
142,Standing barbell overhead triceps extension,"The overhead extension builds the long head of the triceps.",Strength,Triceps,Barbell,Intermediate,8.6,Average,https://i.pinimg.com/originals/2b/3a/1c/2b3a1c2d3e4f5a6b7c8d9e0f1a2b3c4d.gif
143,Reverse-grip bench press,"The reverse-grip press targets the upper chest and triceps.",Strength,Triceps,Barbell,Intermediate,8.3,Average,https://i.pinimg.com/originals/4c/2a/1b/4c2a1b2c3d4e5f6a7b8c9d0e1f2a3b4c.gif
144,Floor Press,"The floor press builds the triceps and lockout strength.",Powerlifting,Triceps,Barbell,Beginner,8.3,Average,https://i.pinimg.com/originals/6d/3a/2b/6d3a2b3c4d5e6f7a8b9c0d1e2f3a4b5c.gif
145,Band overhead triceps press,"The band overhead press builds the triceps.",Strength,Triceps,Bands,Intermediate,,https://i.pinimg.com/originals/8c/1a/2b/8c1a2b3c4d5e6f7a8b9c0d1e2f3a4b5c.gif
146,Band skullcrusher,"The band skullcrusher builds the triceps.",Strength,Triceps,Bands,Intermediate,,https://i.pinimg.com/originals/1f/3a/2b/1f3a2b3c4d5e6f7a8b9c0d1e2f3a4b5c.gif
147,Thigh adductor,"The adductor machine targets the inner thighs.",Strength,Adductors,Machine,Intermediate,9.0,Average,https://i.pinimg.com/originals/3a/2c/1b/3a2c1b2d3e4f5a6b7c8d9e0f1a2b3c4d.gif
148,Thigh abductor,"The abductor machine targets the outer hips.",Strength,Abductors,Machine,Intermediate,8.2,Average,https://i.pinimg.com/originals/5b/3a/2c/5b3a2c3d4e5f6a7b8c9d0e1f2a3b4c5d.gif
149,Band Hip Adductions,,Strength,Adductors,Bands,Beginner,8.6,Average,https://i.pinimg.com/originals/7c/2a/1b/7c2a1b2c3d4e5f6a7b8c9d0e1f2a3b4c.gif
150,Lateral Band Walk,,Strength,Abductors,Bands,Intermediate,0.0,,https://i.pinimg.com/originals/9d/3a/2b/9d3a2b3c4d5e6f7a8b9c0d1e2f3a4b5c.gif